product_img_id,product_id,product_img_url
612688,654066,https://iuhkart.blob.core.windows.net/product/3256805366111080-5
612682,654066,https://iuhkart.blob.core.windows.net/product/3256805366111080-3
612691,654066,https://iuhkart.blob.core.windows.net/product/3256805366111080-6
612685,654066,https://iuhkart.blob.core.windows.net/product/3256805366111080-4
612680,654066,https://iuhkart.blob.core.windows.net/product/3256805366111080-2
612694,654066,https://iuhkart.blob.core.windows.net/product/3256805366111080-1
612560,653813,https://iuhkart.blob.core.windows.net/product/3256805506416379-b1017-s
612624,653813,https://iuhkart.blob.core.windows.net/product/3256805506416379-b1473
612545,653813,https://iuhkart.blob.core.windows.net/product/3256805506416379-b1012-g
612610,653813,https://iuhkart.blob.core.windows.net/product/3256805506416379-b0145
612541,653813,https://iuhkart.blob.core.windows.net/product/3256805506416379-b1412-g
612549,653813,https://iuhkart.blob.core.windows.net/product/3256805506416379-b0347
612553,653813,https://iuhkart.blob.core.windows.net/product/3256805506416379-b0346
612538,653813,https://iuhkart.blob.core.windows.net/product/3256805506416379-b1412-s
612566,653813,https://iuhkart.blob.core.windows.net/product/3256805506416379-b1016-s
612596,653813,https://iuhkart.blob.core.windows.net/product/3256805506416379-b0560
212866,272411,https://iuhkart.blob.core.windows.net/product/3256806048599766-01
212869,272411,https://iuhkart.blob.core.windows.net/product/3256806048599766-02
212942,272529,https://iuhkart.blob.core.windows.net/product/3256804937476395-2-fork-1pcs
2431047,5085621,https://iuhkart.blob.core.windows.net/product/3256805222316096-khaki-xl
2431051,5085621,https://iuhkart.blob.core.windows.net/product/3256805222316096-khaki-m
2431053,5085621,https://iuhkart.blob.core.windows.net/product/3256805222316096-khaki-l
2431063,5085621,https://iuhkart.blob.core.windows.net/product/3256805222316096-green-m
2431055,5085621,https://iuhkart.blob.core.windows.net/product/3256805222316096-green-xl
2431057,5085621,https://iuhkart.blob.core.windows.net/product/3256805222316096-black-m
2431049,5085621,https://iuhkart.blob.core.windows.net/product/3256805222316096-green-l
2431059,5085621,https://iuhkart.blob.core.windows.net/product/3256805222316096-black-l
2431061,5085621,https://iuhkart.blob.core.windows.net/product/3256805222316096-black-xl
612647,670409,https://iuhkart.blob.core.windows.net/product/3256805792303982-brown
612634,670357,https://iuhkart.blob.core.windows.net/product/3256804573831717-grey-shoulder-bag-30x24x13cm
612636,670357,https://iuhkart.blob.core.windows.net/product/3256804573831717-khaki-shoulder-bag-30x24x13cm
612628,670357,https://iuhkart.blob.core.windows.net/product/3256804573831717-off-white-30x24x13cm
612631,670357,https://iuhkart.blob.core.windows.net/product/3256804573831717-black-shoulder-bag-30x24x13cm
2499274,5157522,https://iuhkart.blob.core.windows.net/product/3256806060919142-tgh03-blue2
2499276,5157522,https://iuhkart.blob.core.windows.net/product/3256806060919142-tgh03-black2
2499272,5157522,https://iuhkart.blob.core.windows.net/product/3256806060919142-tgh03-lime2
2499732,5025072,https://iuhkart.blob.core.windows.net/product/1005005505791526-black-m
2499742,5025072,https://iuhkart.blob.core.windows.net/product/1005005505791526-brown-xl
2499736,5025072,https://iuhkart.blob.core.windows.net/product/1005005505791526-black-xl
2499740,5025072,https://iuhkart.blob.core.windows.net/product/1005005505791526-brown-l
2499747,5025072,https://iuhkart.blob.core.windows.net/product/1005005505791526-black-s
2499733,5025072,https://iuhkart.blob.core.windows.net/product/1005005505791526-black-l
2499746,5025072,https://iuhkart.blob.core.windows.net/product/1005005505791526-green-xl
2499745,5025072,https://iuhkart.blob.core.windows.net/product/1005005505791526-green-l
2499738,5025072,https://iuhkart.blob.core.windows.net/product/1005005505791526-brown-s
2499744,5025072,https://iuhkart.blob.core.windows.net/product/1005005505791526-green-m
213045,272577,https://iuhkart.blob.core.windows.net/product/3256805329113239-2
213041,272577,https://iuhkart.blob.core.windows.net/product/3256805329113239-1
213244,275076,https://iuhkart.blob.core.windows.net/product/2251832786385489-blue
213249,275076,https://iuhkart.blob.core.windows.net/product/2251832786385489-red
213260,275076,https://iuhkart.blob.core.windows.net/product/2251832786385489-pink
213255,275076,https://iuhkart.blob.core.windows.net/product/2251832786385489-yellow
2501815,5160460,https://iuhkart.blob.core.windows.net/product/1005005400877803-tan-half-finger-m
2501820,5160460,https://iuhkart.blob.core.windows.net/product/1005005400877803-green-half-finger-m
2501876,5160460,https://iuhkart.blob.core.windows.net/product/1005005400877803-green-camo-full-m
2501823,5160460,https://iuhkart.blob.core.windows.net/product/1005005400877803-green-half-finger-l
2501863,5160460,https://iuhkart.blob.core.windows.net/product/1005005400877803-tan-full-finger-l
2501817,5160460,https://iuhkart.blob.core.windows.net/product/1005005400877803-tan-half-finger-l
2501851,5160460,https://iuhkart.blob.core.windows.net/product/1005005400877803-tan-camo-full-l
2501809,5160460,https://iuhkart.blob.core.windows.net/product/1005005400877803-tan-camo-half-l
2501829,5160460,https://iuhkart.blob.core.windows.net/product/1005005400877803-tan-camo-half-m
2501835,5160460,https://iuhkart.blob.core.windows.net/product/1005005400877803-black-half-finger-m
213391,272903,https://iuhkart.blob.core.windows.net/product/3256805074533163-black
2500196,5158766,https://iuhkart.blob.core.windows.net/product/3256805575265658-780342638501
2500033,5158588,https://iuhkart.blob.core.windows.net/product/3256804012212424-black-42x40cm
2500036,5158588,https://iuhkart.blob.core.windows.net/product/3256804012212424-black-33x37cm
2500041,5158588,https://iuhkart.blob.core.windows.net/product/3256804012212424-white-33x37cm
2500039,5158588,https://iuhkart.blob.core.windows.net/product/3256804012212424-white-42x40cm
2428409,5082817,https://iuhkart.blob.core.windows.net/product/3256805795963752-brown-s
2428432,5082817,https://iuhkart.blob.core.windows.net/product/3256805795963752-black-l
2428412,5082817,https://iuhkart.blob.core.windows.net/product/3256805795963752-brown-xl
2428418,5082817,https://iuhkart.blob.core.windows.net/product/3256805795963752-army-green-m
2428406,5082817,https://iuhkart.blob.core.windows.net/product/3256805795963752-brown-m
2428424,5082817,https://iuhkart.blob.core.windows.net/product/3256805795963752-army-green-l
2428430,5082817,https://iuhkart.blob.core.windows.net/product/3256805795963752-black-xl
2428428,5082817,https://iuhkart.blob.core.windows.net/product/3256805795963752-black-s
2428420,5082817,https://iuhkart.blob.core.windows.net/product/3256805795963752-army-green-s
2428415,5082817,https://iuhkart.blob.core.windows.net/product/3256805795963752-brown-l
2501031,5159642,https://iuhkart.blob.core.windows.net/product/1005005991578827-3-l
2501028,5159642,https://iuhkart.blob.core.windows.net/product/1005005991578827-3-xl
2501037,5159642,https://iuhkart.blob.core.windows.net/product/1005005991578827-2-xl
2501043,5159642,https://iuhkart.blob.core.windows.net/product/1005005991578827-2-m
2501046,5159642,https://iuhkart.blob.core.windows.net/product/1005005991578827-1-xl
2501040,5159642,https://iuhkart.blob.core.windows.net/product/1005005991578827-2-l
2501049,5159642,https://iuhkart.blob.core.windows.net/product/1005005991578827-1-l
2501052,5159642,https://iuhkart.blob.core.windows.net/product/1005005991578827-1-m
2501034,5159642,https://iuhkart.blob.core.windows.net/product/1005005991578827-3-m
2474333,5081799,https://iuhkart.blob.core.windows.net/product/3256805768630426-black-xl
2474331,5081799,https://iuhkart.blob.core.windows.net/product/3256805768630426-black-l
2474336,5081799,https://iuhkart.blob.core.windows.net/product/3256805768630426-khaki-xl
2474341,5081799,https://iuhkart.blob.core.windows.net/product/3256805768630426-khaki-m
2474338,5081799,https://iuhkart.blob.core.windows.net/product/3256805768630426-army-green-l
2474340,5081799,https://iuhkart.blob.core.windows.net/product/3256805768630426-army-green-xl
2474335,5081799,https://iuhkart.blob.core.windows.net/product/3256805768630426-army-green-m
2474330,5081799,https://iuhkart.blob.core.windows.net/product/3256805768630426-black-m
2474343,5081799,https://iuhkart.blob.core.windows.net/product/3256805768630426-khaki-l
265202,275612,https://iuhkart.blob.core.windows.net/product/3256805526806524-white-19-5x7-5x15-5cm
265205,275612,https://iuhkart.blob.core.windows.net/product/3256805526806524-coffee-19-5x7-5x15-5cm
265208,275612,https://iuhkart.blob.core.windows.net/product/3256805526806524-khaki-19-5x7-5x15-5cm
265211,275612,https://iuhkart.blob.core.windows.net/product/3256805526806524-blue-19-5x7-5x15-5cm
213912,252212,https://iuhkart.blob.core.windows.net/product/3256803979598373-vvc1051
213971,252212,https://iuhkart.blob.core.windows.net/product/3256803979598373-cct219
214140,252212,https://iuhkart.blob.core.windows.net/product/3256803979598373-baby-pacifier-charm
214098,252212,https://iuhkart.blob.core.windows.net/product/3256803979598373-pac407
213905,252212,https://iuhkart.blob.core.windows.net/product/3256803979598373-vvc1053
213898,252212,https://iuhkart.blob.core.windows.net/product/3256803979598373-vvc1055
213941,252212,https://iuhkart.blob.core.windows.net/product/3256803979598373-vvc1057
213930,252212,https://iuhkart.blob.core.windows.net/product/3256803979598373-vvc1059
213920,252212,https://iuhkart.blob.core.windows.net/product/3256803979598373-vvc1049
213956,252212,https://iuhkart.blob.core.windows.net/product/3256803979598373-cct215
214259,252541,https://iuhkart.blob.core.windows.net/product/3256805936483222-3
214262,252541,https://iuhkart.blob.core.windows.net/product/3256805936483222-2
214265,252541,https://iuhkart.blob.core.windows.net/product/3256805936483222-1
214268,252541,https://iuhkart.blob.core.windows.net/product/3256805936483222-4
212301,250306,https://iuhkart.blob.core.windows.net/product/3256805543466266-dy554-1steel-color
212303,250306,https://iuhkart.blob.core.windows.net/product/3256805543466266-dy554-2gold-color
2499559,5158077,https://iuhkart.blob.core.windows.net/product/1005006356170287-armygreen
2499553,5158077,https://iuhkart.blob.core.windows.net/product/1005006356170287-black
2499557,5158077,https://iuhkart.blob.core.windows.net/product/1005006356170287-camouflage-green
2499555,5158077,https://iuhkart.blob.core.windows.net/product/1005006356170287-khaki
212510,274326,https://iuhkart.blob.core.windows.net/product/3256805296540106-women-bag-b-22cmx18cmx6cm
212508,274326,https://iuhkart.blob.core.windows.net/product/3256805296540106-women-bag-a-22cmx18cmx6cm
212426,274257,https://iuhkart.blob.core.windows.net/product/3256805746409426-gray
212430,274257,https://iuhkart.blob.core.windows.net/product/3256805746409426-pink-red
212421,274257,https://iuhkart.blob.core.windows.net/product/3256805746409426-blue
612469,680045,https://iuhkart.blob.core.windows.net/product/3256802230025423-italy-us-plug
612467,680045,https://iuhkart.blob.core.windows.net/product/3256802230025423-spain-us-plug
612471,680045,https://iuhkart.blob.core.windows.net/product/3256802230025423-germany-us-plug
612477,680045,https://iuhkart.blob.core.windows.net/product/3256802230025423-poland-eu-plug
612446,680045,https://iuhkart.blob.core.windows.net/product/3256802230025423-united-kingdom-us-plug
612456,680045,https://iuhkart.blob.core.windows.net/product/3256802230025423-australia-us-plug
612452,680045,https://iuhkart.blob.core.windows.net/product/3256802230025423-china-us-plug
612441,680045,https://iuhkart.blob.core.windows.net/product/3256802230025423-poland-us-plug
612474,680045,https://iuhkart.blob.core.windows.net/product/3256802230025423-china-eu-plug
612486,680045,https://iuhkart.blob.core.windows.net/product/3256802230025423-spain-eu-plug
612656,680287,https://iuhkart.blob.core.windows.net/product/3256804922319877-charging-style
2498891,5157363,https://iuhkart.blob.core.windows.net/product/3256805116562707-l-40x30x15
2498895,5157363,https://iuhkart.blob.core.windows.net/product/3256805116562707-n-40x30x15
2498888,5157363,https://iuhkart.blob.core.windows.net/product/3256805116562707-j-40x30x15
2498919,5157363,https://iuhkart.blob.core.windows.net/product/3256805116562707-x-40x30x15
2498877,5157363,https://iuhkart.blob.core.windows.net/product/3256805116562707-b-40x30x15
2498878,5157363,https://iuhkart.blob.core.windows.net/product/3256805116562707-e-40x30x15
2498879,5157363,https://iuhkart.blob.core.windows.net/product/3256805116562707-d-40x30x15
2498882,5157363,https://iuhkart.blob.core.windows.net/product/3256805116562707-i-40x30x15
2498876,5157363,https://iuhkart.blob.core.windows.net/product/3256805116562707-c-40x30x15
2498886,5157363,https://iuhkart.blob.core.windows.net/product/3256805116562707-k-40x30x15
61259,82090,https://iuhkart.blob.core.windows.net/product/1005005583532172-gold-10
61296,82090,https://iuhkart.blob.core.windows.net/product/1005005583532172-gold-200013822
61369,82090,https://iuhkart.blob.core.windows.net/product/1005005583532172-gold-200003759
61374,82090,https://iuhkart.blob.core.windows.net/product/1005005583532172-gold-361181
61288,82090,https://iuhkart.blob.core.windows.net/product/1005005583532172-gold-350525
61267,82090,https://iuhkart.blob.core.windows.net/product/1005005583532172-gold-496
61353,82090,https://iuhkart.blob.core.windows.net/product/1005005583532172-gold-200003758
61349,82090,https://iuhkart.blob.core.windows.net/product/1005005583532172-gold-200003763
61263,82090,https://iuhkart.blob.core.windows.net/product/1005005583532172-gold-100013777
61298,82090,https://iuhkart.blob.core.windows.net/product/1005005583532172-gold
132499,181321,https://iuhkart.blob.core.windows.net/product/3256805840908991-random-color
2474333,5081799,https://iuhkart.blob.core.windows.net/product/3256805768630426-black-xl
2474331,5081799,https://iuhkart.blob.core.windows.net/product/3256805768630426-black-l
2474336,5081799,https://iuhkart.blob.core.windows.net/product/3256805768630426-khaki-xl
2474341,5081799,https://iuhkart.blob.core.windows.net/product/3256805768630426-khaki-m
2474338,5081799,https://iuhkart.blob.core.windows.net/product/3256805768630426-army-green-l
2474340,5081799,https://iuhkart.blob.core.windows.net/product/3256805768630426-army-green-xl
2474335,5081799,https://iuhkart.blob.core.windows.net/product/3256805768630426-army-green-m
2474330,5081799,https://iuhkart.blob.core.windows.net/product/3256805768630426-black-m
2474343,5081799,https://iuhkart.blob.core.windows.net/product/3256805768630426-khaki-l
2987219,5676514,https://iuhkart.blob.core.windows.net/product/3256802993120395-fj-f05-china
2987216,5676514,https://iuhkart.blob.core.windows.net/product/3256802993120395-fj-f10-china
2987217,5676514,https://iuhkart.blob.core.windows.net/product/3256802993120395-fj-f03-china
2987203,5676514,https://iuhkart.blob.core.windows.net/product/3256802993120395-fj-f19-china
2987205,5676514,https://iuhkart.blob.core.windows.net/product/3256802993120395-fj-f15-china
2987206,5676514,https://iuhkart.blob.core.windows.net/product/3256802993120395-fj-f16-china
2987209,5676514,https://iuhkart.blob.core.windows.net/product/3256802993120395-fj-f11-china
2987207,5676514,https://iuhkart.blob.core.windows.net/product/3256802993120395-fj-f17-china
2987214,5676514,https://iuhkart.blob.core.windows.net/product/3256802993120395-fj-f08-china
2987215,5676514,https://iuhkart.blob.core.windows.net/product/3256802993120395-fj-f09-china
2503203,5159113,https://iuhkart.blob.core.windows.net/product/3256805789120782-long-finger-3-xl
2503168,5159113,https://iuhkart.blob.core.windows.net/product/3256805789120782-long-finger-4-m
2503170,5159113,https://iuhkart.blob.core.windows.net/product/3256805789120782-half-finger-1-m
2503173,5159113,https://iuhkart.blob.core.windows.net/product/3256805789120782-long-finger-4-xl
2503176,5159113,https://iuhkart.blob.core.windows.net/product/3256805789120782-half-finger-1-xl
2503179,5159113,https://iuhkart.blob.core.windows.net/product/3256805789120782-half-finger-1-l
2503166,5159113,https://iuhkart.blob.core.windows.net/product/3256805789120782-long-finger-4-l
2503188,5159113,https://iuhkart.blob.core.windows.net/product/3256805789120782-long-finger-1-xl
2503185,5159113,https://iuhkart.blob.core.windows.net/product/3256805789120782-half-finger-2-m
2503182,5159113,https://iuhkart.blob.core.windows.net/product/3256805789120782-half-finger-2-l
613421,671190,https://iuhkart.blob.core.windows.net/product/3256805252026763-1610
613414,671190,https://iuhkart.blob.core.windows.net/product/3256805252026763-black
613418,671190,https://iuhkart.blob.core.windows.net/product/3256805252026763-beige
617493,10933,https://iuhkart.blob.core.windows.net/product/3256805786266434-a-blue-21cm-8cm-15cm
617497,10933,https://iuhkart.blob.core.windows.net/product/3256805786266434-a-green-21cm-8cm-15cm
617490,10933,https://iuhkart.blob.core.windows.net/product/3256805786266434-a-khaki-21cm-8cm-15cm
617503,10933,https://iuhkart.blob.core.windows.net/product/3256805786266434-a-white-21cm-8cm-15cm
617500,10933,https://iuhkart.blob.core.windows.net/product/3256805786266434-b-khaki-21cm-8cm-15cm
617505,10933,https://iuhkart.blob.core.windows.net/product/3256805786266434-b-blue-21cm-8cm-15cm
617506,10933,https://iuhkart.blob.core.windows.net/product/3256805786266434-b-green-21cm-8cm-15cm
617508,10933,https://iuhkart.blob.core.windows.net/product/3256805786266434-b-black-21cm-8cm-15cm
617510,10933,https://iuhkart.blob.core.windows.net/product/3256805786266434-b-white-21cm-8cm-15cm
617495,10933,https://iuhkart.blob.core.windows.net/product/3256805786266434-a-black-21cm-8cm-15cm
613887,681616,https://iuhkart.blob.core.windows.net/product/3256805875209706-china-au-style5
613953,681616,https://iuhkart.blob.core.windows.net/product/3256805875209706-china-au-style2
613831,681616,https://iuhkart.blob.core.windows.net/product/3256805875209706-china-au-style12
613825,681616,https://iuhkart.blob.core.windows.net/product/3256805875209706-china-uk-style12
613834,681616,https://iuhkart.blob.core.windows.net/product/3256805875209706-china-us-plug-style12
613821,681616,https://iuhkart.blob.core.windows.net/product/3256805875209706-china-us-plug-style11
613843,681616,https://iuhkart.blob.core.windows.net/product/3256805875209706-china-eu-plug-style14
613837,681616,https://iuhkart.blob.core.windows.net/product/3256805875209706-china-uk-style14
613846,681616,https://iuhkart.blob.core.windows.net/product/3256805875209706-china-au-style14
613849,681616,https://iuhkart.blob.core.windows.net/product/3256805875209706-china-us-plug-style14
222006,281964,https://iuhkart.blob.core.windows.net/product/3256804161969428-with-box
222012,281964,https://iuhkart.blob.core.windows.net/product/3256804161969428-no-box
222023,110597,https://iuhkart.blob.core.windows.net/product/1005005972927884-coffee
222009,110597,https://iuhkart.blob.core.windows.net/product/1005005972927884-1610
222019,110597,https://iuhkart.blob.core.windows.net/product/1005005972927884-brown
222015,110597,https://iuhkart.blob.core.windows.net/product/1005005972927884-black
222002,110597,https://iuhkart.blob.core.windows.net/product/1005005972927884-white
2506142,5165010,https://iuhkart.blob.core.windows.net/product/3256803219551912-deep-blue-43
2506171,5165010,https://iuhkart.blob.core.windows.net/product/3256803219551912-army-green-43
2506129,5165010,https://iuhkart.blob.core.windows.net/product/3256803219551912-wine-red-40
2506127,5165010,https://iuhkart.blob.core.windows.net/product/3256803219551912-wine-red-39
2506140,5165010,https://iuhkart.blob.core.windows.net/product/3256803219551912-black-40
2506131,5165010,https://iuhkart.blob.core.windows.net/product/3256803219551912-wine-red-43
2506136,5165010,https://iuhkart.blob.core.windows.net/product/3256803219551912-wine-red-42
2506133,5165010,https://iuhkart.blob.core.windows.net/product/3256803219551912-wine-red-44
2506138,5165010,https://iuhkart.blob.core.windows.net/product/3256803219551912-black-39
2506134,5165010,https://iuhkart.blob.core.windows.net/product/3256803219551912-wine-red-41
614089,671875,https://iuhkart.blob.core.windows.net/product/3256804839296966-1610
614099,671875,https://iuhkart.blob.core.windows.net/product/3256804839296966-purple
614092,671875,https://iuhkart.blob.core.windows.net/product/3256804839296966-black
614101,671875,https://iuhkart.blob.core.windows.net/product/3256804839296966-yellow
614094,671875,https://iuhkart.blob.core.windows.net/product/3256804839296966-green
614193,671930,https://iuhkart.blob.core.windows.net/product/3256805639914141-ss009
614239,671930,https://iuhkart.blob.core.windows.net/product/3256805639914141-ss0012
614242,671930,https://iuhkart.blob.core.windows.net/product/3256805639914141-ss001
614168,671930,https://iuhkart.blob.core.windows.net/product/3256805639914141-ss0024
614154,671930,https://iuhkart.blob.core.windows.net/product/3256805639914141-ss0025
614158,671930,https://iuhkart.blob.core.windows.net/product/3256805639914141-ss0026
614174,671930,https://iuhkart.blob.core.windows.net/product/3256805639914141-ss0021
614179,671930,https://iuhkart.blob.core.windows.net/product/3256805639914141-ss0022
614164,671930,https://iuhkart.blob.core.windows.net/product/3256805639914141-ss0023
614210,671930,https://iuhkart.blob.core.windows.net/product/3256805639914141-ss003
682227,9714,https://iuhkart.blob.core.windows.net/product/1005005947756268-black
682229,9714,https://iuhkart.blob.core.windows.net/product/1005005947756268-white
222244,261633,https://iuhkart.blob.core.windows.net/product/3256805479403050-vvc1021
222221,261633,https://iuhkart.blob.core.windows.net/product/3256805479403050-ktc891
222201,261633,https://iuhkart.blob.core.windows.net/product/3256805479403050-pyc024
222204,261633,https://iuhkart.blob.core.windows.net/product/3256805479403050-pyc019
222198,261633,https://iuhkart.blob.core.windows.net/product/3256805479403050-pyc005
222195,261633,https://iuhkart.blob.core.windows.net/product/3256805479403050-pyc011
222217,261633,https://iuhkart.blob.core.windows.net/product/3256805479403050-ktc896
222228,261633,https://iuhkart.blob.core.windows.net/product/3256805479403050-hyc1964
222236,261633,https://iuhkart.blob.core.windows.net/product/3256805479403050-hyc2017
222240,261633,https://iuhkart.blob.core.windows.net/product/3256805479403050-ktc797
222282,283751,https://iuhkart.blob.core.windows.net/product/1005005986128841-white-mini
2505958,5164832,https://iuhkart.blob.core.windows.net/product/3256805114283483-black-c-40
2505973,5164832,https://iuhkart.blob.core.windows.net/product/3256805114283483-pink-38
2505992,5164832,https://iuhkart.blob.core.windows.net/product/3256805114283483-black-39
2506022,5164832,https://iuhkart.blob.core.windows.net/product/3256805114283483-white-a-38
2506004,5164832,https://iuhkart.blob.core.windows.net/product/3256805114283483-black-37
2505994,5164832,https://iuhkart.blob.core.windows.net/product/3256805114283483-pink-36
2505998,5164832,https://iuhkart.blob.core.windows.net/product/3256805114283483-black-36
2506000,5164832,https://iuhkart.blob.core.windows.net/product/3256805114283483-black-35
2506002,5164832,https://iuhkart.blob.core.windows.net/product/3256805114283483-black-38
2505996,5164832,https://iuhkart.blob.core.windows.net/product/3256805114283483-pink-35
224692,152431,https://iuhkart.blob.core.windows.net/product/3256804025292838-15pcs-silver
224694,152431,https://iuhkart.blob.core.windows.net/product/3256804025292838-15pcs-silver-173
224691,152431,https://iuhkart.blob.core.windows.net/product/3256804025292838-30pcs-mix
224717,152431,https://iuhkart.blob.core.windows.net/product/3256804025292838-80pcs-silver-200003757
224723,152431,https://iuhkart.blob.core.windows.net/product/3256804025292838-30pcs-kc-gold
224713,152431,https://iuhkart.blob.core.windows.net/product/3256804025292838-60pcs-silver-200003759
224719,152431,https://iuhkart.blob.core.windows.net/product/3256804025292838-80pcs-silver
224736,152431,https://iuhkart.blob.core.windows.net/product/3256804025292838-40pcs-bronze
224727,152431,https://iuhkart.blob.core.windows.net/product/3256804025292838-30pcs-2-color
224748,152431,https://iuhkart.blob.core.windows.net/product/3256804025292838-60pcs-2-color
147114,200342,https://iuhkart.blob.core.windows.net/product/3256805223398127-n1
147108,200342,https://iuhkart.blob.core.windows.net/product/3256805223398127-n4
147110,200342,https://iuhkart.blob.core.windows.net/product/3256805223398127-n3
147120,200342,https://iuhkart.blob.core.windows.net/product/3256805223398127-n6
147123,200342,https://iuhkart.blob.core.windows.net/product/3256805223398127-n5
147117,200342,https://iuhkart.blob.core.windows.net/product/3256805223398127-n7
147112,200342,https://iuhkart.blob.core.windows.net/product/3256805223398127-n2
227281,266826,https://iuhkart.blob.core.windows.net/product/3256805553047136-fcc317
227279,266826,https://iuhkart.blob.core.windows.net/product/3256805553047136-fcc112
227284,266826,https://iuhkart.blob.core.windows.net/product/3256805553047136-fcc274
227290,266826,https://iuhkart.blob.core.windows.net/product/3256805553047136-fcc239
227286,266826,https://iuhkart.blob.core.windows.net/product/3256805553047136-fcc248
227292,266826,https://iuhkart.blob.core.windows.net/product/3256805553047136-fcc247
227288,266826,https://iuhkart.blob.core.windows.net/product/3256805553047136-fcc282
227283,266826,https://iuhkart.blob.core.windows.net/product/3256805553047136-fcc240
227307,266826,https://iuhkart.blob.core.windows.net/product/3256805553047136-fcc242
227302,266826,https://iuhkart.blob.core.windows.net/product/3256805553047136-fcc246
223759,250029,https://iuhkart.blob.core.windows.net/product/3256803396502740-pearl-beads-china
223755,250029,https://iuhkart.blob.core.windows.net/product/3256803396502740-small-beads-china
223743,250029,https://iuhkart.blob.core.windows.net/product/3256803396502740-big-beads-china
223750,250029,https://iuhkart.blob.core.windows.net/product/3256803396502740-transparent-china
2508796,5167862,https://iuhkart.blob.core.windows.net/product/3256805732422537-blue-38
2508781,5167862,https://iuhkart.blob.core.windows.net/product/3256805732422537-black-39
2508777,5167862,https://iuhkart.blob.core.windows.net/product/3256805732422537-black-37
2508784,5167862,https://iuhkart.blob.core.windows.net/product/3256805732422537-white-36
2508776,5167862,https://iuhkart.blob.core.windows.net/product/3256805732422537-black-38
2508782,5167862,https://iuhkart.blob.core.windows.net/product/3256805732422537-black-41
2508783,5167862,https://iuhkart.blob.core.windows.net/product/3256805732422537-white-37
2508779,5167862,https://iuhkart.blob.core.windows.net/product/3256805732422537-black-40
2508785,5167862,https://iuhkart.blob.core.windows.net/product/3256805732422537-white-39
2508787,5167862,https://iuhkart.blob.core.windows.net/product/3256805732422537-white-38
231735,290935,https://iuhkart.blob.core.windows.net/product/3256805993579721-cqbmexicosk01w
231730,290935,https://iuhkart.blob.core.windows.net/product/3256805993579721-cqbmexicosk02w
231759,290935,https://iuhkart.blob.core.windows.net/product/3256805993579721-cqbskull08w
231768,290935,https://iuhkart.blob.core.windows.net/product/3256805993579721-cqbskull06w
231775,290935,https://iuhkart.blob.core.windows.net/product/3256805993579721-cqbskull05w
231790,290935,https://iuhkart.blob.core.windows.net/product/3256805993579721-cqbskull13w-29
231724,290935,https://iuhkart.blob.core.windows.net/product/3256805993579721-cqbmexicosk03w
231753,290935,https://iuhkart.blob.core.windows.net/product/3256805993579721-cqbmexicosk20w
231782,290935,https://iuhkart.blob.core.windows.net/product/3256805993579721-cqbskull04w
231749,290935,https://iuhkart.blob.core.windows.net/product/3256805993579721-cqbskull01w
231598,77927,https://iuhkart.blob.core.windows.net/product/3256804551611934-style-44-361188
231586,77927,https://iuhkart.blob.core.windows.net/product/3256804551611934-style-1378-496
231616,77927,https://iuhkart.blob.core.windows.net/product/3256804551611934-style-1377-361180
231591,77927,https://iuhkart.blob.core.windows.net/product/3256804551611934-style-1378-10
231602,77927,https://iuhkart.blob.core.windows.net/product/3256804551611934-style-1377-200006253
231594,77927,https://iuhkart.blob.core.windows.net/product/3256804551611934-style-44
231610,77927,https://iuhkart.blob.core.windows.net/product/3256804551611934-style-1377-865
231648,77927,https://iuhkart.blob.core.windows.net/product/3256804551611934-style-46-200004861
231661,77927,https://iuhkart.blob.core.windows.net/product/3256804551611934-style-46-200003765
231652,77927,https://iuhkart.blob.core.windows.net/product/3256804551611934-style-46-200004862
2511661,5170997,https://iuhkart.blob.core.windows.net/product/3256803692082049-f1299
2511653,5170997,https://iuhkart.blob.core.windows.net/product/3256803692082049-f1307
2511649,5170997,https://iuhkart.blob.core.windows.net/product/3256803692082049-f1310
2511652,5170997,https://iuhkart.blob.core.windows.net/product/3256803692082049-f1306
2511655,5170997,https://iuhkart.blob.core.windows.net/product/3256803692082049-f1309
2511651,5170997,https://iuhkart.blob.core.windows.net/product/3256803692082049-f1312
2511650,5170997,https://iuhkart.blob.core.windows.net/product/3256803692082049-f1311
2511656,5170997,https://iuhkart.blob.core.windows.net/product/3256803692082049-f1302
2511654,5170997,https://iuhkart.blob.core.windows.net/product/3256803692082049-f1308
2511658,5170997,https://iuhkart.blob.core.windows.net/product/3256803692082049-f1304
2521349,5181370,https://iuhkart.blob.core.windows.net/product/2255800207836416-black-9
2521327,5181370,https://iuhkart.blob.core.windows.net/product/2255800207836416-blue-9
2521322,5181370,https://iuhkart.blob.core.windows.net/product/2255800207836416-gray-365458-7
2521313,5181370,https://iuhkart.blob.core.windows.net/product/2255800207836416-apricot-350850-9-5
2521317,5181370,https://iuhkart.blob.core.windows.net/product/2255800207836416-gray-365458-8-5
2521320,5181370,https://iuhkart.blob.core.windows.net/product/2255800207836416-gray-365458-10
2521325,5181370,https://iuhkart.blob.core.windows.net/product/2255800207836416-blue-8
2521377,5181370,https://iuhkart.blob.core.windows.net/product/2255800207836416-gray-blue-9-5
2521299,5181370,https://iuhkart.blob.core.windows.net/product/2255800207836416-apricot-350850-7-5
2521302,5181370,https://iuhkart.blob.core.windows.net/product/2255800207836416-apricot-350850-8
116425,159278,https://iuhkart.blob.core.windows.net/product/3256805584317798-black
116427,159278,https://iuhkart.blob.core.windows.net/product/3256805584317798-white
2513742,5173243,https://iuhkart.blob.core.windows.net/product/3256801502009868-g3011-tbbk-m
2513740,5173243,https://iuhkart.blob.core.windows.net/product/3256801502009868-g3015-tbbk-m
2513724,5173243,https://iuhkart.blob.core.windows.net/product/3256801502009868-g3001-tbbk-m
2513725,5173243,https://iuhkart.blob.core.windows.net/product/3256801502009868-34e2-tbbk-m
2513723,5173243,https://iuhkart.blob.core.windows.net/product/3256801502009868-34e1-tbbk-m
2513719,5173243,https://iuhkart.blob.core.windows.net/product/3256801502009868-34d5-tbbk-m
2513722,5173243,https://iuhkart.blob.core.windows.net/product/3256801502009868-g3010-tbbk-m
2513721,5173243,https://iuhkart.blob.core.windows.net/product/3256801502009868-34d9-tbbk-m
2513720,5173243,https://iuhkart.blob.core.windows.net/product/3256801502009868-g3008-tbbk-m
2513726,5173243,https://iuhkart.blob.core.windows.net/product/3256801502009868-g3005-tbbk-m
241993,283871,https://iuhkart.blob.core.windows.net/product/1005006059945164-style-1378-496
241990,283871,https://iuhkart.blob.core.windows.net/product/1005006059945164-style-1378-173
241996,283871,https://iuhkart.blob.core.windows.net/product/1005006059945164-style-46
242024,283871,https://iuhkart.blob.core.windows.net/product/1005006059945164-style-46-200005184
242018,283871,https://iuhkart.blob.core.windows.net/product/1005006059945164-style-46-200003764
242036,283871,https://iuhkart.blob.core.windows.net/product/1005006059945164-style-1378-10
241999,283871,https://iuhkart.blob.core.windows.net/product/1005006059945164-style-46-200003762
242027,283871,https://iuhkart.blob.core.windows.net/product/1005006059945164-style-46-200004861
242021,283871,https://iuhkart.blob.core.windows.net/product/1005006059945164-style-46-200005183
242011,283871,https://iuhkart.blob.core.windows.net/product/1005006059945164-style-46-200003766
241719,299674,https://iuhkart.blob.core.windows.net/product/3256805736943170-f
241728,299674,https://iuhkart.blob.core.windows.net/product/3256805736943170-d
241732,299674,https://iuhkart.blob.core.windows.net/product/3256805736943170-c
241736,299674,https://iuhkart.blob.core.windows.net/product/3256805736943170-b
241738,299674,https://iuhkart.blob.core.windows.net/product/3256805736943170-a
241723,299674,https://iuhkart.blob.core.windows.net/product/3256805736943170-e
246405,306523,https://iuhkart.blob.core.windows.net/product/3256805887897231-gold
246409,306523,https://iuhkart.blob.core.windows.net/product/3256805887897231-green
246416,304530,https://iuhkart.blob.core.windows.net/product/3256805696349689-r5-black-12-13mm
246413,304530,https://iuhkart.blob.core.windows.net/product/3256805696349689-r3-black-18-19mm
246428,304530,https://iuhkart.blob.core.windows.net/product/3256805696349689-r1-black-18-19mm
246432,304530,https://iuhkart.blob.core.windows.net/product/3256805696349689-r3-black-12-13mm
246425,304530,https://iuhkart.blob.core.windows.net/product/3256805696349689-r2-black-12-13mm
246410,304530,https://iuhkart.blob.core.windows.net/product/3256805696349689-r4-black-12-13mm
246439,304530,https://iuhkart.blob.core.windows.net/product/3256805696349689-r6-purple-12-13mm
246404,304530,https://iuhkart.blob.core.windows.net/product/3256805696349689-r5-black-18-19mm
246435,304530,https://iuhkart.blob.core.windows.net/product/3256805696349689-r2-black-18-19mm
246421,304530,https://iuhkart.blob.core.windows.net/product/3256805696349689-r4-black-18-19mm
251811,309460,https://iuhkart.blob.core.windows.net/product/3256804533971906-black-add-au-plug
251813,309460,https://iuhkart.blob.core.windows.net/product/3256804533971906-black-add-us-plug
251807,309460,https://iuhkart.blob.core.windows.net/product/3256804533971906-black-add-uk-plug
251817,309460,https://iuhkart.blob.core.windows.net/product/3256804533971906-black-add-eu-plug
251915,290570,https://iuhkart.blob.core.windows.net/product/1005004486259936-ma02
251923,290570,https://iuhkart.blob.core.windows.net/product/1005004486259936-ma05
251920,290570,https://iuhkart.blob.core.windows.net/product/1005004486259936-ci40
251934,290570,https://iuhkart.blob.core.windows.net/product/1005004486259936-dz-h
251930,290570,https://iuhkart.blob.core.windows.net/product/1005004486259936-ma03
251918,290570,https://iuhkart.blob.core.windows.net/product/1005004486259936-ma01
251927,290570,https://iuhkart.blob.core.windows.net/product/1005004486259936-ma04
251942,290570,https://iuhkart.blob.core.windows.net/product/1005004486259936-ci24
251938,290570,https://iuhkart.blob.core.windows.net/product/1005004486259936-pasd20
617730,686242,https://iuhkart.blob.core.windows.net/product/3256804300722912-black
617732,686242,https://iuhkart.blob.core.windows.net/product/3256804300722912-gray
324514,366351,https://iuhkart.blob.core.windows.net/product/3256804804896016-3
324534,366351,https://iuhkart.blob.core.windows.net/product/3256804804896016-1
324538,366351,https://iuhkart.blob.core.windows.net/product/3256804804896016-7
324528,366351,https://iuhkart.blob.core.windows.net/product/3256804804896016-4
324531,366351,https://iuhkart.blob.core.windows.net/product/3256804804896016-6
324519,366351,https://iuhkart.blob.core.windows.net/product/3256804804896016-2
324524,366351,https://iuhkart.blob.core.windows.net/product/3256804804896016-5
258432,317726,https://iuhkart.blob.core.windows.net/product/3256805961856100-red
258427,317726,https://iuhkart.blob.core.windows.net/product/3256805961856100-black
260901,320200,https://iuhkart.blob.core.windows.net/product/3256805715098582-black
260914,320200,https://iuhkart.blob.core.windows.net/product/3256805715098582-yellow
260904,320200,https://iuhkart.blob.core.windows.net/product/3256805715098582-purple
260907,320200,https://iuhkart.blob.core.windows.net/product/3256805715098582-1610
260922,320200,https://iuhkart.blob.core.windows.net/product/3256805715098582-deep-blue
260931,320200,https://iuhkart.blob.core.windows.net/product/3256805715098582-gold
260925,320200,https://iuhkart.blob.core.windows.net/product/3256805715098582-brown
260910,320200,https://iuhkart.blob.core.windows.net/product/3256805715098582-red
260928,320200,https://iuhkart.blob.core.windows.net/product/3256805715098582-gray
260916,320200,https://iuhkart.blob.core.windows.net/product/3256805715098582-sky-blue
620752,662953,https://iuhkart.blob.core.windows.net/product/3256802580039484-n168444n-002
620754,662953,https://iuhkart.blob.core.windows.net/product/3256802580039484-n168444n-001
620756,662953,https://iuhkart.blob.core.windows.net/product/3256802580039484-b
620758,662953,https://iuhkart.blob.core.windows.net/product/3256802580039484-n207315n-002
620763,662953,https://iuhkart.blob.core.windows.net/product/3256802580039484-d
620762,662953,https://iuhkart.blob.core.windows.net/product/3256802580039484-n207315n-001
620765,662953,https://iuhkart.blob.core.windows.net/product/3256802580039484-c
620760,662953,https://iuhkart.blob.core.windows.net/product/3256802580039484-a
620777,663060,https://iuhkart.blob.core.windows.net/product/3256803902393176-1
620784,663060,https://iuhkart.blob.core.windows.net/product/3256803902393176-3
620780,663060,https://iuhkart.blob.core.windows.net/product/3256803902393176-4
620774,663060,https://iuhkart.blob.core.windows.net/product/3256803902393176-2
620582,662590,https://iuhkart.blob.core.windows.net/product/3256803438481584-necklace-b
620584,662590,https://iuhkart.blob.core.windows.net/product/3256803438481584-necklace-a
620586,662590,https://iuhkart.blob.core.windows.net/product/3256803438481584-bangle-a
620580,662590,https://iuhkart.blob.core.windows.net/product/3256803438481584-bangle-b
274987,314906,https://iuhkart.blob.core.windows.net/product/3256805290536830-light-green-8x8cm
275651,337428,https://iuhkart.blob.core.windows.net/product/3256805859926726-9136127f1i
275653,337428,https://iuhkart.blob.core.windows.net/product/3256805859926726-9136127f1q
275159,336566,https://iuhkart.blob.core.windows.net/product/3256803759320219-purple
275163,336566,https://iuhkart.blob.core.windows.net/product/3256803759320219-black
275157,336566,https://iuhkart.blob.core.windows.net/product/3256803759320219-white
275161,336566,https://iuhkart.blob.core.windows.net/product/3256803759320219-blue
283589,244959,https://iuhkart.blob.core.windows.net/product/3256805955383915-gray-16-inches
283569,244959,https://iuhkart.blob.core.windows.net/product/3256805955383915-orang-12-inches
283558,244959,https://iuhkart.blob.core.windows.net/product/3256805955383915-green-12-inches
283554,244959,https://iuhkart.blob.core.windows.net/product/3256805955383915-red-12-inches
283572,244959,https://iuhkart.blob.core.windows.net/product/3256805955383915-yellow-16-inches
283580,244959,https://iuhkart.blob.core.windows.net/product/3256805955383915-pink-12-inches
283566,244959,https://iuhkart.blob.core.windows.net/product/3256805955383915-orang-16-inches
283583,244959,https://iuhkart.blob.core.windows.net/product/3256805955383915-jujube-red-16-inches
283577,244959,https://iuhkart.blob.core.windows.net/product/3256805955383915-watermelon-red-16-inches
283587,244959,https://iuhkart.blob.core.windows.net/product/3256805955383915-red-16-inches
341849,324282,https://iuhkart.blob.core.windows.net/product/3256805215726066-color-random
341852,324282,https://iuhkart.blob.core.windows.net/product/3256805215726066-color-random-193
283947,324368,https://iuhkart.blob.core.windows.net/product/1005005908219797-beige-6x6cm
283949,324368,https://iuhkart.blob.core.windows.net/product/1005005908219797-beige-8x6cm
283951,324368,https://iuhkart.blob.core.windows.net/product/1005005908219797-beige-8x8cm
283953,324368,https://iuhkart.blob.core.windows.net/product/1005005908219797-beige-9x9cm
284011,349056,https://iuhkart.blob.core.windows.net/product/3256804746332102-coffee-brown
284008,349056,https://iuhkart.blob.core.windows.net/product/3256804746332102-coffee
284005,349056,https://iuhkart.blob.core.windows.net/product/3256804746332102-yellow-coffee-brown
622404,665505,https://iuhkart.blob.core.windows.net/product/3256803895132692-silver-heart
622402,665505,https://iuhkart.blob.core.windows.net/product/3256803895132692-gold-heart
4274367,7024694,https://iuhkart.blob.core.windows.net/product/3256805699389042-10
4274375,7024694,https://iuhkart.blob.core.windows.net/product/3256805699389042-2
4274377,7024694,https://iuhkart.blob.core.windows.net/product/3256805699389042-4
4274388,7024694,https://iuhkart.blob.core.windows.net/product/3256805699389042-23
4274366,7024694,https://iuhkart.blob.core.windows.net/product/3256805699389042-9
4274371,7024694,https://iuhkart.blob.core.windows.net/product/3256805699389042-14
4274369,7024694,https://iuhkart.blob.core.windows.net/product/3256805699389042-12
4274368,7024694,https://iuhkart.blob.core.windows.net/product/3256805699389042-11
4274373,7024694,https://iuhkart.blob.core.windows.net/product/3256805699389042-16
4274370,7024694,https://iuhkart.blob.core.windows.net/product/3256805699389042-13
291973,332278,https://iuhkart.blob.core.windows.net/product/1005006157340748-b-mix-50tag50srting
291978,332278,https://iuhkart.blob.core.windows.net/product/1005006157340748-a-mix-50tag50srting
622577,682978,https://iuhkart.blob.core.windows.net/product/3256804021052863-mustard-20cm-china
622565,682978,https://iuhkart.blob.core.windows.net/product/3256804021052863-black-20cm-china
622574,682978,https://iuhkart.blob.core.windows.net/product/3256804021052863-pink-20cm-china
622582,682978,https://iuhkart.blob.core.windows.net/product/3256804021052863-denim-blue-20cm-china
622568,682978,https://iuhkart.blob.core.windows.net/product/3256804021052863-maroon-20cm-china
622563,682978,https://iuhkart.blob.core.windows.net/product/3256804021052863-navy-20cm-china
292271,357092,https://iuhkart.blob.core.windows.net/product/3256805523154800-china
292274,357092,https://iuhkart.blob.core.windows.net/product/3256805523154800-united-states
292390,332626,https://iuhkart.blob.core.windows.net/product/1005005950886232-10x8cm4x3in-200-logo-bag
292396,332626,https://iuhkart.blob.core.windows.net/product/1005005950886232-14x14cm5-5x5-5in-100-logo-bag
292400,332626,https://iuhkart.blob.core.windows.net/product/1005005950886232-14x14cm5-5x5-5in-200-logo-bag
292402,332626,https://iuhkart.blob.core.windows.net/product/1005005950886232-14x14cm5-5x5-5in-50-logo-bag
292408,332626,https://iuhkart.blob.core.windows.net/product/1005005950886232-12x12cm4-7x4-7in-200-logo-bag
292307,332626,https://iuhkart.blob.core.windows.net/product/1005005950886232-18x13cm7x5in-50-logo-bag
292312,332626,https://iuhkart.blob.core.windows.net/product/1005005950886232-15x10cm6x4in-100-logo-bag
292322,332626,https://iuhkart.blob.core.windows.net/product/1005005950886232-15x10cm6x4in-50-logo-bag
292316,332626,https://iuhkart.blob.core.windows.net/product/1005005950886232-15x10cm6x4in-just-50-blank-bag
292302,332626,https://iuhkart.blob.core.windows.net/product/1005005950886232-18x13cm7x5in-200-logo-bag
301198,341790,https://iuhkart.blob.core.windows.net/product/1005004442393298-red-8x8x3-5cm
301201,341790,https://iuhkart.blob.core.windows.net/product/1005004442393298-red-10x10x3-5cm
301195,341790,https://iuhkart.blob.core.windows.net/product/1005004442393298-red-9x9x3-5cm
301218,341790,https://iuhkart.blob.core.windows.net/product/1005004442393298-sky-blue-8x8x3-5cm
301205,341790,https://iuhkart.blob.core.windows.net/product/1005004442393298-pink-8x8x3-5cm
301228,341790,https://iuhkart.blob.core.windows.net/product/1005004442393298-black-9x9x3-5cm
301214,341790,https://iuhkart.blob.core.windows.net/product/1005004442393298-pink-10x10x3-5cm
301221,341790,https://iuhkart.blob.core.windows.net/product/1005004442393298-white-10x10x3-5cm
301210,341790,https://iuhkart.blob.core.windows.net/product/1005004442393298-yellow-9x9x3-5cm
301231,341790,https://iuhkart.blob.core.windows.net/product/1005004442393298-yellow-8x8x3-5cm
301674,365891,https://iuhkart.blob.core.windows.net/product/3256805326545622-plug-in-style
301678,365891,https://iuhkart.blob.core.windows.net/product/3256805326545622-battery-storage-a1
301682,365891,https://iuhkart.blob.core.windows.net/product/3256805326545622-battery-storage-a2
301575,342333,https://iuhkart.blob.core.windows.net/product/3256804364189159-red
301578,342333,https://iuhkart.blob.core.windows.net/product/3256804364189159-black
301484,342228,https://iuhkart.blob.core.windows.net/product/1005005105238424-purple
301481,342228,https://iuhkart.blob.core.windows.net/product/1005005105238424-a
2560831,5222732,https://iuhkart.blob.core.windows.net/product/3256806157238964-grano-verticale
329081,370366,https://iuhkart.blob.core.windows.net/product/3256805289869411-rose-gold-j
329087,370366,https://iuhkart.blob.core.windows.net/product/3256805289869411-rose-gold-d
329093,370366,https://iuhkart.blob.core.windows.net/product/3256805289869411-rose-gold-f
329096,370366,https://iuhkart.blob.core.windows.net/product/3256805289869411-rose-gold-g
329099,370366,https://iuhkart.blob.core.windows.net/product/3256805289869411-rose-gold-p
329102,370366,https://iuhkart.blob.core.windows.net/product/3256805289869411-rose-gold-q
329114,370366,https://iuhkart.blob.core.windows.net/product/3256805289869411-rose-gold-m
329111,370366,https://iuhkart.blob.core.windows.net/product/3256805289869411-rose-gold-l
329090,370366,https://iuhkart.blob.core.windows.net/product/3256805289869411-rose-gold-e
329084,370366,https://iuhkart.blob.core.windows.net/product/3256805289869411-rose-gold-k
329225,370545,https://iuhkart.blob.core.windows.net/product/3256805731768058-9x9-aq061-1
329221,370545,https://iuhkart.blob.core.windows.net/product/3256805731768058-7x7-aq061-2
339659,380673,https://iuhkart.blob.core.windows.net/product/3256803609658066-red
339663,380673,https://iuhkart.blob.core.windows.net/product/3256803609658066-black
339656,380673,https://iuhkart.blob.core.windows.net/product/3256803609658066-white
629307,673474,https://iuhkart.blob.core.windows.net/product/3256805730501024-1
629295,673474,https://iuhkart.blob.core.windows.net/product/3256805730501024-4
629303,673474,https://iuhkart.blob.core.windows.net/product/3256805730501024-2
629299,673474,https://iuhkart.blob.core.windows.net/product/3256805730501024-7
629330,673474,https://iuhkart.blob.core.windows.net/product/3256805730501024-12
629344,673474,https://iuhkart.blob.core.windows.net/product/3256805730501024-12-7883453201
629334,673474,https://iuhkart.blob.core.windows.net/product/3256805730501024-3
629338,673474,https://iuhkart.blob.core.windows.net/product/3256805730501024-5
629325,673474,https://iuhkart.blob.core.windows.net/product/3256805730501024-10
629350,673474,https://iuhkart.blob.core.windows.net/product/3256805730501024-11
629385,673581,https://iuhkart.blob.core.windows.net/product/2255799936498493-i-50-cm-box-sr
629380,673581,https://iuhkart.blob.core.windows.net/product/2255799936498493-o-50cm-box-sr
629414,673581,https://iuhkart.blob.core.windows.net/product/2255799936498493-q-50-cm-box-sr
629402,673581,https://iuhkart.blob.core.windows.net/product/2255799936498493-l-50-cm-box-sr
629405,673581,https://iuhkart.blob.core.windows.net/product/2255799936498493-p-50-cm-box-sr
629393,673581,https://iuhkart.blob.core.windows.net/product/2255799936498493-s-50-cm-box-sr
629417,673581,https://iuhkart.blob.core.windows.net/product/2255799936498493-b-50-cm-box-sr
629420,673581,https://iuhkart.blob.core.windows.net/product/2255799936498493-c-50-cm-box-sr
629424,673581,https://iuhkart.blob.core.windows.net/product/2255799936498493-e-50-cm-box-sr
629428,673581,https://iuhkart.blob.core.windows.net/product/2255799936498493-f-60cm-box-bk
360084,424469,https://iuhkart.blob.core.windows.net/product/3256802604188874-green-bag
360078,424469,https://iuhkart.blob.core.windows.net/product/3256802604188874-gray-bag
360081,424469,https://iuhkart.blob.core.windows.net/product/3256802604188874-red-bag
360075,424469,https://iuhkart.blob.core.windows.net/product/3256802604188874-black-bag
360313,424688,https://iuhkart.blob.core.windows.net/product/3256804937428271-b
360309,424688,https://iuhkart.blob.core.windows.net/product/3256804937428271-a
